,GCF_000172915.1,GCF_000322345.1,GCF_000322365.1,GCF_000322385.1,GCF_000322405.1,GCF_000322425.1,GCF_000322445.1,GCF_000322465.1,GCF_000328425.1,GCF_001481405.1,GCF_001545685.1,GCF_002009635.1,GCF_002562805.1,GCF_002630975.1,GCF_002630985.1,GCF_002848385.1,GCF_003020705.1,GCF_003020725.1,GCF_003020745.1,GCF_003240455.1,GCF_003284815.1,GCF_003284825.1,GCF_003332845.1,GCF_003719365.1,GCF_003957785.1,GCF_004152185.1,GCF_004152205.1,GCF_004152505.1,GCF_005234875.1,GCF_006007925.1,GCF_006375635.1,GCF_008974665.2,GCF_009733985.1,GCF_009733995.1,GCF_009734005.1,GCF_009769955.1,GCF_009791335.1,GCF_009938075.1,GCF_010120755.1,GCF_012062555.1,GCF_012070665.1,GCF_012070685.1,GCF_013179755.1,GCF_900092475.1,GCF_900178555.1,GCF_900178595.1,GCF_900178625.1,GCF_900178715.1,GCF_900178725.1,GCF_900178745.1,GCF_900178755.1,GCF_900178765.1,GCF_900178785.1,GCF_900178815.1,GCF_900178835.1,GCF_900178845.1,GCF_900178855.1,GCF_900178875.1,GCF_900178905.1,GCF_900178915.1,GCF_900178925.1,GCF_900178935.1,GCF_900178975.1,GCF_900178985.1,GCF_900179055.1,GCF_900179085.1,GCF_900179295.1,GCF_900179785.1,GCF_900179915.1,GCF_900180175.1,GCF_900638805.1,GCF_900639425.1,M00065,M00066,M00362,M00363,M00680,M00943,M00945,M01234,M01235,M01236,M01603,M05847,M06114_3,M07824,M810154,M810885,M86159,M910050,M910478,M910479,M910480_2,M910665_1,M910881,M910882,M910888,M911140,M911142,M911144,M911146,M911362,M911364,M911373,M911374,M911375,M911619,M911620,M911842,M912102,M912103,M912106,M91414,M93370,M93924,M94211,M94926,M94927,M95768,M96011,M96902,M97750,M97944,M97945,M98146,M98147,M98516,M98703,M98884,M98889,M99250,M99402,M99624,M99825,M99826
GCF_000172915.1,0,419,306,283,18,346,206,175,93,248,294,61,275,45,218,293,264,299,206,42,303,306,317,339,437,246,245,246,242,308,342,404,332,345,352,300,184,336,303,327,331,347,301,293,317,317,317,318,316,318,318,319,318,318,318,318,316,317,318,318,316,318,317,316,317,318,316,316,315,318,344,210,420,449,419,428,432,419,431,431,432,246,429,424,433,430,419,250,419,366,435,432,437,428,429,456,428,431,431,431,431,430,431,432,435,430,432,431,431,422,432,418,452,246,238,423,416,237,433,402,416,429,431,429,430,433,428,433,434,434,430,428,429,429,454
GCF_000322345.1,419,0,326,342,415,326,433,444,451,347,349,432,342,428,389,492,432,407,399,424,328,331,303,535,409,342,342,342,319,526,366,615,536,528,535,413,454,537,525,517,536,531,523,404,392,392,391,393,392,392,394,392,392,392,393,391,392,392,392,392,392,392,393,392,393,392,392,392,385,392,326,434,414,422,411,412,417,409,415,416,415,494,416,419,414,415,409,473,409,366,415,415,420,414,413,423,413,412,412,413,413,416,412,414,418,413,414,418,412,413,415,410,421,480,466,410,411,483,415,410,409,414,411,414,412,416,415,415,416,418,413,413,406,415,424
GCF_000322365.1,306,326,0,59,299,213,316,332,336,245,224,325,222,313,240,388,347,296,285,315,206,210,98,432,349,241,240,241,247,410,274,499,431,416,419,301,342,428,406,402,429,417,405,293,310,310,309,311,310,310,311,310,310,310,311,309,310,310,310,310,310,310,311,310,311,310,310,310,305,310,209,313,356,362,354,354,357,350,355,358,357,391,356,363,356,354,352,371,349,311,358,356,361,356,354,365,354,354,354,354,355,358,354,354,359,355,353,359,354,356,355,353,363,377,365,352,352,382,357,317,351,357,354,356,353,357,356,358,356,357,355,355,344,356,366
GCF_000322385.1,283,342,59,0,282,249,334,314,320,234,228,306,242,298,272,406,350,305,287,297,227,231,139,449,366,231,230,231,231,407,299,481,443,430,437,309,324,446,403,410,443,433,400,302,302,302,303,303,302,302,304,302,302,302,303,303,302,302,302,302,302,302,303,302,303,302,302,302,298,302,247,337,350,377,346,351,355,346,355,355,356,374,356,354,357,354,346,376,345,304,357,357,362,353,352,380,351,353,353,354,354,354,353,354,360,352,354,354,353,351,356,345,376,369,353,351,344,364,354,325,343,354,353,353,354,357,354,357,357,358,352,352,351,354,379
GCF_000322405.1,18,415,299,282,0,341,200,169,88,246,293,54,271,37,210,291,259,291,196,33,301,302,317,338,432,241,240,241,237,304,341,400,332,346,351,292,178,332,301,326,331,348,301,285,313,313,315,314,314,314,316,313,314,314,314,316,314,315,314,314,314,314,315,314,315,314,314,314,312,314,339,202,417,449,418,427,431,418,430,430,431,241,428,424,432,430,418,245,417,365,434,431,436,427,428,455,427,428,428,428,428,429,428,431,434,429,431,430,428,419,431,417,451,241,236,420,414,232,432,399,415,428,430,428,429,432,427,432,433,432,429,427,427,428,453
GCF_000322425.1,346,326,213,249,341,0,357,372,376,243,244,359,266,349,266,431,357,317,315,347,251,254,224,458,368,242,242,242,258,447,302,544,457,448,454,324,383,454,444,447,456,449,442,316,310,310,308,311,309,309,309,310,309,309,310,308,309,309,309,309,309,309,310,309,310,309,309,309,302,309,12,356,351,358,345,349,355,342,349,353,352,413,353,355,351,350,344,393,343,307,353,350,355,350,352,361,352,351,349,352,350,355,349,349,353,352,349,354,349,348,352,345,360,399,388,344,345,405,352,311,344,352,351,353,348,355,354,355,355,351,350,350,341,352,362
GCF_000322445.1,206,433,316,334,200,357,0,45,245,315,300,225,284,213,216,263,240,251,260,211,312,313,307,306,397,313,312,313,296,273,355,367,280,241,249,252,57,284,270,259,281,245,268,244,368,368,368,369,367,368,369,369,368,368,368,369,367,368,368,368,367,368,368,367,368,368,367,367,364,368,358,6,400,408,400,399,404,400,401,401,402,260,403,407,403,402,400,241,398,346,404,402,408,398,401,412,402,401,399,401,399,402,399,402,405,402,403,402,399,403,404,399,408,247,240,400,396,248,403,367,397,400,403,401,401,405,400,406,405,405,400,398,394,399,410
GCF_000322465.1,175,444,332,314,169,372,45,0,212,292,287,197,291,179,224,261,218,239,233,178,321,324,326,301,404,292,291,292,275,251,369,329,283,247,253,239,20,283,248,256,282,249,246,232,350,350,348,351,349,350,351,351,350,350,350,349,349,350,350,350,349,350,350,349,350,350,349,349,347,350,373,45,380,412,383,392,398,379,392,394,395,227,391,390,394,391,381,232,377,338,394,393,399,393,394,417,395,394,392,394,392,397,392,391,396,395,392,395,392,383,395,382,415,226,222,380,379,218,396,359,380,395,394,394,390,396,395,397,396,394,393,393,387,394,417
GCF_000328425.1,93,451,336,320,88,376,245,212,0,282,322,115,300,99,251,327,293,326,236,98,331,338,348,371,471,284,282,284,274,334,376,435,363,379,381,329,219,363,332,356,359,379,332,323,351,351,349,350,350,350,352,351,350,350,350,350,350,351,350,350,350,350,349,350,351,350,350,348,347,350,375,243,449,481,454,462,466,450,461,463,463,280,455,457,463,461,451,284,447,392,464,460,467,462,465,485,464,466,465,467,465,466,464,462,463,466,462,466,465,454,464,453,483,283,276,451,449,275,467,430,451,463,464,465,460,467,464,466,465,463,464,462,458,463,485
GCF_001481405.1,248,347,245,234,246,243,315,292,282,0,221,270,222,257,260,411,318,269,232,252,202,209,238,426,329,16,15,16,154,404,290,490,427,441,448,273,300,434,401,425,429,444,399,264,249,249,247,250,248,250,250,251,250,250,251,246,248,248,250,250,248,250,249,248,249,250,248,248,243,250,242,318,303,331,297,310,317,297,312,316,312,334,315,304,315,316,297,340,297,281,315,315,319,313,314,334,315,315,315,316,316,315,315,315,316,314,314,316,315,302,315,297,332,334,316,301,297,323,315,280,296,312,313,316,313,318,314,319,316,319,312,312,310,312,335
GCF_001545685.1,294,349,224,228,293,244,300,287,322,221,0,309,233,303,204,415,335,277,246,293,225,231,224,454,364,223,222,223,231,410,243,494,435,394,401,281,298,438,409,427,435,397,406,273,292,292,290,293,291,293,293,294,293,293,294,290,291,291,293,293,291,293,292,291,292,293,291,290,288,293,245,301,343,363,342,353,361,340,356,356,356,365,352,352,356,356,340,365,340,310,356,356,362,354,356,365,355,357,355,358,355,359,355,355,360,356,354,358,355,346,357,341,364,369,350,344,341,360,356,325,340,357,355,356,353,359,358,360,359,358,354,354,353,356,367
GCF_002009635.1,61,432,325,306,54,359,225,197,115,270,309,0,288,75,237,309,283,312,227,71,318,321,335,348,448,272,271,272,260,318,352,418,343,359,365,314,205,349,316,338,340,361,314,308,331,331,331,332,330,332,332,333,332,332,332,331,330,331,332,332,330,332,331,330,331,332,330,330,328,332,360,229,429,454,429,436,440,431,440,437,438,262,435,434,442,441,431,267,429,368,440,438,447,437,438,460,438,439,440,440,440,439,440,441,439,439,441,438,440,434,443,430,456,264,256,434,426,256,440,410,428,436,440,439,438,442,437,442,443,442,437,437,436,436,458
GCF_002562805.1,275,342,222,242,271,266,284,291,300,222,233,288,0,278,233,371,301,225,204,279,49,57,200,406,308,223,222,223,191,374,285,482,380,389,394,223,300,383,371,386,380,390,369,218,267,267,265,268,266,268,268,269,267,268,269,265,266,266,268,268,266,268,267,267,267,269,266,265,262,268,266,285,325,345,332,330,336,328,327,333,329,345,327,338,331,331,330,330,324,290,333,329,337,329,332,346,332,333,332,334,333,332,332,328,332,333,330,334,332,335,331,331,346,331,318,330,327,337,334,295,329,332,332,335,330,336,332,337,329,334,331,329,321,330,349
GCF_002630975.1,45,428,313,298,37,349,213,179,99,257,303,75,278,0,220,304,271,304,211,53,312,315,327,346,446,257,256,257,250,316,354,412,344,356,361,304,188,344,312,333,342,356,310,298,324,324,322,325,323,325,325,326,325,325,325,323,323,324,325,325,323,325,324,323,324,325,323,323,322,325,349,213,425,454,429,435,441,426,434,438,437,249,432,432,436,434,428,253,425,371,440,434,440,435,438,461,437,438,436,438,436,439,436,435,438,439,435,438,436,430,437,429,459,249,244,428,426,243,440,404,427,435,438,438,432,440,437,439,439,435,437,435,434,436,461
GCF_002630985.1,218,389,240,272,210,266,216,224,251,260,204,237,233,220,0,333,256,288,210,219,265,270,243,368,404,262,261,262,274,340,320,434,345,320,326,289,233,347,337,335,343,322,335,283,346,346,344,347,345,345,346,346,344,345,346,345,345,346,345,345,345,345,346,345,346,345,345,345,340,345,267,217,394,398,396,393,399,392,391,395,394,305,388,402,392,394,394,286,391,340,396,393,398,392,396,404,396,397,395,398,396,397,395,393,396,396,392,397,395,399,393,394,402,293,286,396,392,297,397,358,393,394,395,395,390,398,396,398,394,395,394,392,384,394,404
GCF_002848385.1,293,492,388,406,291,431,263,261,327,411,415,309,371,304,333,0,328,364,353,302,399,401,392,74,444,410,408,410,388,156,431,310,231,252,254,366,271,229,153,231,234,254,153,357,446,446,444,446,445,445,447,446,444,445,446,445,445,446,445,445,445,445,445,445,446,445,445,444,441,445,430,260,465,456,467,466,469,465,467,468,468,376,461,476,469,465,465,366,461,395,469,468,472,466,466,465,468,466,465,467,465,470,466,466,470,467,466,467,465,467,468,466,463,367,358,464,462,367,470,439,465,468,466,467,465,467,467,471,467,467,466,466,463,467,465
GCF_003020705.1,264,432,347,350,259,357,240,218,293,318,335,283,301,271,256,328,0,260,249,269,327,332,332,366,407,317,316,317,308,319,363,396,339,344,347,266,230,336,316,319,338,345,316,255,376,376,374,377,375,376,377,377,376,376,376,375,375,376,376,376,375,376,376,375,376,376,375,375,373,376,357,237,369,396,369,374,378,365,373,375,377,309,375,378,376,375,367,310,363,326,378,375,378,375,375,401,377,376,374,375,375,380,374,374,378,377,373,379,374,370,376,366,399,306,305,366,366,299,377,343,366,378,376,376,370,376,376,378,378,376,375,375,368,375,402
GCF_003020725.1,299,407,296,305,291,317,251,239,326,269,277,312,225,304,288,364,260,0,280,301,236,239,280,401,316,268,268,268,259,352,318,417,337,336,340,26,251,335,349,343,337,338,349,15,308,308,307,309,308,309,310,309,308,309,309,307,308,308,309,309,308,309,309,308,309,309,308,307,305,309,318,249,311,333,316,316,322,312,316,320,319,302,315,326,318,316,314,302,308,276,320,317,322,317,318,340,319,318,316,318,317,322,316,316,319,319,316,319,316,317,318,315,338,301,294,312,311,297,320,282,313,319,318,321,316,322,319,322,317,320,317,317,315,318,340
GCF_003020745.1,206,399,285,287,196,315,260,233,236,232,246,227,204,211,210,353,249,280,0,208,228,233,289,386,359,229,229,229,248,331,339,438,376,378,381,285,244,374,327,382,375,379,327,277,287,287,285,288,286,286,289,287,286,286,287,286,286,287,286,286,286,286,287,287,287,287,286,286,286,286,313,257,380,412,386,393,396,382,393,395,396,285,392,398,395,393,384,292,381,347,397,395,398,394,392,416,394,393,393,392,394,396,393,392,397,394,393,397,393,387,394,385,415,288,282,383,382,277,397,363,383,397,393,394,390,394,394,396,396,397,394,394,390,394,418
GCF_003240455.1,42,424,315,297,33,347,211,178,98,252,293,71,279,53,219,302,269,301,208,0,310,314,328,346,442,254,252,254,248,317,351,414,339,352,359,302,188,343,315,332,338,354,313,295,323,323,321,324,322,322,324,323,322,322,322,322,322,323,322,322,322,322,323,322,323,322,322,322,320,322,348,213,422,450,425,433,440,423,434,436,435,251,431,429,435,434,422,256,423,367,438,435,441,433,436,457,436,438,436,438,436,437,436,435,438,437,436,437,436,425,437,424,455,251,244,428,422,243,438,403,423,434,436,436,432,438,435,439,439,437,435,433,432,434,457
GCF_003284815.1,303,328,206,227,301,251,312,321,331,202,225,318,49,312,265,399,327,236,228,310,0,11,189,431,277,201,200,201,172,399,266,510,410,417,424,237,333,413,397,416,409,420,394,230,243,243,242,244,243,245,245,245,244,245,246,242,243,243,245,245,243,245,244,244,244,246,243,243,238,245,251,313,298,315,301,299,305,299,302,302,301,376,298,311,304,302,299,361,297,268,301,301,310,301,301,318,302,302,301,303,302,305,301,301,304,302,301,303,301,304,304,300,316,364,348,303,298,366,303,266,298,303,301,304,301,305,303,306,304,305,300,300,295,301,319
GCF_003284825.1,306,331,210,231,302,254,313,324,338,209,231,321,57,315,270,401,332,239,233,314,11,0,193,433,279,204,203,204,177,401,272,511,415,420,427,240,336,416,399,422,416,423,396,234,244,244,245,245,244,246,246,246,245,246,247,245,244,244,246,246,244,246,245,245,245,247,244,244,239,246,254,316,304,320,305,303,309,305,308,308,308,380,306,317,310,308,305,365,303,271,309,309,316,305,305,325,306,305,303,305,304,309,303,307,312,306,307,307,303,307,310,304,321,368,354,307,303,370,307,272,302,306,307,307,307,311,307,312,310,310,304,304,301,305,323
GCF_003332845.1,317,303,98,139,317,224,307,326,348,238,224,335,200,327,243,392,332,280,289,328,189,193,0,434,338,238,237,238,226,407,264,509,420,401,406,282,335,421,403,409,418,402,399,275,308,308,306,309,307,307,309,308,307,307,308,306,307,307,307,307,307,307,308,307,308,307,307,307,301,307,225,308,333,342,333,334,341,329,333,338,335,393,335,341,334,334,331,373,328,296,337,334,339,334,337,345,337,336,334,337,335,337,334,334,337,337,334,339,334,335,335,332,343,379,367,331,331,384,337,297,330,336,336,338,333,340,337,339,336,338,335,333,324,335,346
GCF_003719365.1,339,535,432,449,338,458,306,301,371,426,454,348,406,346,368,74,366,401,386,346,431,433,434,0,442,427,425,427,405,210,468,318,234,279,281,403,311,234,206,229,234,279,205,393,438,438,436,438,437,437,439,438,436,437,438,436,437,438,437,437,437,437,437,437,438,437,437,436,433,437,457,303,453,446,458,455,456,456,455,455,457,385,450,468,455,455,458,376,454,384,456,457,461,457,455,454,457,455,456,454,456,457,455,455,458,456,454,456,456,460,456,456,453,378,371,457,455,380,457,425,458,457,455,454,454,456,456,461,456,456,455,457,452,456,455
GCF_003957785.1,437,409,349,366,432,368,397,404,471,329,364,448,308,446,404,444,407,316,359,442,277,279,338,442,0,327,325,327,312,455,402,508,424,423,425,327,413,423,454,450,426,425,454,316,297,297,298,297,297,297,300,297,297,297,298,298,297,297,297,297,297,297,297,298,298,298,297,296,292,297,366,397,114,86,112,103,104,113,105,106,105,472,113,126,108,107,113,463,108,115,108,106,113,101,100,85,102,99,99,101,101,105,100,104,111,101,103,111,99,118,105,113,82,466,446,111,110,460,105,146,111,102,103,103,107,107,103,111,106,110,100,101,110,102,85
GCF_004152185.1,246,342,241,231,241,242,313,292,284,16,223,272,223,257,262,410,317,268,229,254,201,204,238,427,327,0,3,0,151,403,288,488,431,441,448,273,301,434,400,427,431,444,398,264,246,246,247,247,246,248,248,248,248,248,249,247,246,246,248,248,246,248,247,246,247,248,246,246,241,248,237,318,306,337,300,313,316,300,315,319,317,331,318,309,318,319,300,337,300,280,320,318,323,314,313,340,316,314,314,313,315,316,314,318,321,315,317,319,314,303,316,298,336,331,316,302,298,320,318,286,297,316,316,317,318,319,313,322,319,322,315,313,315,313,339
GCF_004152205.1,245,342,240,230,240,242,312,291,282,15,222,271,222,256,261,408,316,268,229,252,200,203,237,425,325,3,0,3,150,402,288,487,430,440,447,271,300,433,399,426,430,443,397,262,246,246,247,247,246,248,248,248,248,248,249,247,246,246,248,248,246,248,247,246,247,248,246,246,241,248,237,317,304,335,298,311,314,298,313,317,315,330,316,307,316,317,298,336,298,280,318,316,321,312,311,338,314,312,312,311,313,314,312,316,319,313,315,317,312,301,314,296,334,330,315,300,296,319,316,284,295,314,314,315,316,317,311,320,317,320,313,311,313,311,337
GCF_004152505.1,246,342,241,231,241,242,313,292,284,16,223,272,223,257,262,410,317,268,229,254,201,204,238,427,327,0,3,0,151,403,288,488,431,441,448,273,301,434,400,427,431,444,398,264,246,246,247,247,246,248,248,248,248,248,249,247,246,246,248,248,246,248,247,246,247,248,246,246,241,248,237,318,306,337,300,313,316,300,315,319,317,331,318,309,318,319,300,337,300,280,320,318,323,314,313,340,316,314,314,313,315,316,314,318,321,315,317,319,314,303,316,298,336,331,316,302,298,320,318,286,297,316,316,317,318,319,313,322,319,322,315,313,315,313,339
GCF_005234875.1,242,319,247,231,237,258,296,275,274,154,231,260,191,250,274,388,308,259,248,248,172,177,226,405,312,151,150,151,0,390,283,478,413,423,431,263,284,417,386,414,413,427,384,254,243,243,244,244,243,245,244,245,245,245,246,244,243,243,245,245,243,245,244,243,244,245,243,243,239,245,259,301,295,321,290,299,309,290,304,306,304,342,305,298,305,304,290,347,289,268,305,305,311,301,304,325,304,305,303,306,303,305,303,305,308,304,305,306,303,295,305,289,321,341,326,294,288,333,305,271,287,303,305,306,305,310,304,310,308,310,302,300,299,302,324
GCF_006007925.1,308,526,410,407,304,447,273,251,334,404,410,318,374,316,340,156,319,352,331,317,399,401,407,210,455,403,402,403,390,0,458,328,237,239,238,354,260,234,12,270,239,239,15,345,429,429,427,428,428,427,431,428,426,427,428,428,428,429,427,427,428,427,427,429,429,428,428,426,426,427,445,267,438,463,443,444,450,439,445,447,448,370,440,453,446,443,441,372,435,382,447,445,451,446,446,470,447,446,445,446,445,449,445,444,447,447,444,447,445,442,446,441,468,367,359,438,439,359,449,412,440,448,447,446,442,447,447,450,445,445,446,446,439,447,470
GCF_006375635.1,342,366,274,299,341,302,355,369,376,290,243,352,285,354,320,431,363,318,339,351,266,272,264,468,402,288,288,288,283,458,0,519,450,453,459,319,377,454,456,446,448,455,453,311,260,260,261,261,260,262,261,262,262,262,263,261,260,260,262,262,260,262,261,260,261,262,260,260,254,262,301,359,392,397,388,389,395,388,392,391,391,437,390,396,393,393,388,420,387,333,393,390,396,389,391,400,391,392,391,393,391,393,391,393,392,392,392,394,391,394,394,387,397,425,409,393,386,426,392,356,385,391,393,392,392,396,390,396,396,393,390,388,385,389,399
GCF_008974665.2,404,615,499,481,400,544,367,329,435,490,494,418,482,412,434,310,396,417,438,414,510,511,509,318,508,488,487,488,478,328,519,0,309,315,316,423,337,305,325,197,309,316,326,413,485,485,485,485,485,485,487,485,484,485,486,486,485,486,485,485,485,485,485,485,486,485,485,484,482,485,543,363,475,506,478,484,489,475,487,490,492,421,486,490,490,482,477,429,472,417,491,490,495,489,489,512,490,489,488,489,487,492,488,488,493,490,488,491,488,478,489,476,510,420,411,475,474,414,492,454,475,491,491,488,486,490,490,494,491,490,489,489,485,490,511
GCF_009733985.1,332,536,431,443,332,457,280,283,363,427,435,343,380,344,345,231,339,337,376,339,410,415,420,234,424,431,430,431,413,237,450,309,0,207,214,338,295,12,234,143,11,211,232,331,436,436,435,437,436,437,438,437,436,437,437,435,436,437,437,437,436,437,437,437,437,438,436,436,432,437,457,284,431,426,437,429,431,437,426,430,429,361,426,440,431,431,437,345,431,360,432,431,436,429,431,430,432,432,432,432,432,429,432,429,432,431,431,431,432,442,431,436,430,351,342,435,434,351,432,402,436,430,431,431,428,431,429,435,427,434,429,429,426,428,432
GCF_009733995.1,345,528,416,430,346,448,241,247,379,441,394,359,389,356,320,252,344,336,378,352,417,420,401,279,423,441,440,441,423,239,453,315,207,0,6,343,259,210,235,248,210,3,233,334,436,436,434,437,435,436,436,437,435,436,437,435,435,436,436,436,435,436,436,435,436,436,435,435,431,436,448,243,414,423,419,409,417,417,414,413,415,387,410,425,415,407,417,366,412,353,416,415,419,413,415,429,415,414,412,414,411,417,412,413,418,415,414,415,412,419,416,417,427,376,364,414,412,378,415,375,416,416,415,413,410,413,415,417,415,416,413,413,407,414,430
GCF_009734005.1,352,535,419,437,351,454,249,253,381,448,401,365,394,361,326,254,347,340,381,359,424,427,406,281,425,448,447,448,431,238,459,316,214,6,0,347,261,209,234,253,215,5,236,338,440,440,438,439,439,438,440,439,437,438,439,439,439,440,438,438,439,438,438,439,440,438,439,437,435,438,452,243,417,428,424,414,422,420,417,418,420,393,412,430,418,410,422,372,415,356,421,418,422,418,420,434,420,419,417,419,416,422,417,416,421,420,417,420,417,424,419,422,432,382,372,417,417,386,420,378,421,421,420,418,413,418,420,422,418,419,418,418,409,419,435
GCF_009769955.1,300,413,301,309,292,324,252,239,329,273,281,314,223,304,289,366,266,26,285,302,237,240,282,403,327,273,271,273,263,354,319,423,338,343,347,0,254,336,352,346,340,345,352,17,314,314,313,315,314,315,316,315,314,315,315,313,314,314,315,315,314,315,315,314,315,315,314,313,311,315,325,250,316,340,325,325,329,321,322,328,327,303,320,333,325,324,322,301,315,279,327,325,332,325,326,346,327,326,324,326,325,328,324,322,327,327,324,329,324,325,326,324,346,301,294,319,319,297,328,291,322,327,326,328,325,330,327,330,323,326,325,325,321,326,347
GCF_009791335.1,184,454,342,324,178,383,57,20,219,300,298,205,300,188,233,271,230,251,244,188,333,336,335,311,413,301,300,301,284,260,377,337,295,259,261,254,0,293,257,268,294,259,257,246,358,358,356,357,357,356,359,357,356,356,356,357,357,358,356,356,357,356,356,357,358,356,357,355,355,356,382,55,391,422,394,403,409,390,401,405,404,237,402,398,403,402,392,243,388,346,406,402,406,402,405,427,406,405,403,405,402,406,403,402,405,406,403,406,403,394,404,393,425,237,232,391,390,229,407,369,391,403,405,405,401,407,404,408,405,405,404,402,398,403,427
GCF_009938075.1,336,537,428,446,332,454,284,283,363,434,438,349,383,344,347,229,336,335,374,343,413,416,421,234,423,434,433,434,417,234,454,305,12,210,209,336,293,0,229,143,13,210,231,329,438,438,437,437,438,437,436,437,436,437,437,438,438,439,437,437,438,437,437,437,439,436,438,436,434,437,452,278,431,430,441,433,435,437,428,434,435,362,427,446,433,431,439,346,431,362,436,433,438,433,435,434,436,434,432,434,432,435,432,429,436,435,431,435,432,442,433,438,434,352,347,433,436,354,436,404,438,436,435,435,430,435,435,439,431,434,433,433,428,434,436
GCF_010120755.1,303,525,406,403,301,444,270,248,332,401,409,316,371,312,337,153,316,349,327,315,397,399,403,206,454,400,399,400,386,12,456,325,234,235,234,352,257,229,0,266,234,235,3,343,426,426,424,425,425,424,428,425,423,424,425,425,425,426,424,424,425,424,424,426,426,425,425,423,423,424,442,264,436,462,441,442,448,437,443,445,446,366,438,450,444,441,439,368,433,380,445,444,449,444,444,469,445,444,443,444,443,447,443,442,446,445,442,445,443,440,444,439,467,363,354,436,437,355,447,409,438,446,445,444,440,445,445,448,443,443,444,444,437,445,469
GCF_012062555.1,327,517,402,410,326,447,259,256,356,425,427,338,386,333,335,231,319,343,382,332,416,422,409,229,450,427,426,427,414,270,446,197,143,248,253,346,268,143,266,0,138,250,264,336,438,438,437,439,438,439,437,439,438,439,439,438,438,439,439,439,438,439,439,438,439,439,438,438,434,439,447,261,430,441,433,434,437,429,430,434,434,336,429,435,433,433,431,316,428,364,435,431,438,433,436,447,437,437,436,438,436,437,436,433,434,437,433,437,436,435,433,431,445,323,318,432,428,328,438,399,430,435,437,436,433,437,435,440,437,435,435,433,425,434,446
GCF_012070665.1,331,536,429,443,331,456,281,282,359,429,435,340,380,342,343,234,338,337,375,338,409,416,418,234,426,431,430,431,413,239,448,309,11,210,215,340,294,13,234,138,0,212,232,330,436,436,435,437,436,437,438,437,436,437,437,436,436,437,437,437,436,437,437,437,437,438,436,436,432,437,456,283,430,427,438,430,431,434,425,429,429,360,421,444,428,428,436,344,432,362,431,426,433,428,432,432,433,432,431,433,431,432,431,428,429,432,428,432,431,440,428,435,430,350,343,436,432,352,433,401,435,431,432,432,429,432,430,436,430,431,430,428,427,429,432
GCF_012070685.1,347,531,417,433,348,449,245,249,379,444,397,361,390,356,322,254,345,338,379,354,420,423,402,279,425,444,443,444,427,239,455,316,211,3,5,345,259,210,235,250,212,0,233,336,436,436,434,437,435,436,436,437,435,436,437,435,435,436,436,436,435,436,436,435,436,436,435,435,431,436,449,243,414,425,421,411,419,417,414,415,417,388,410,427,415,407,419,367,412,355,418,415,419,415,417,429,417,416,414,416,413,419,414,413,418,417,414,417,414,421,416,419,429,377,367,414,414,381,417,375,418,418,417,415,410,415,417,419,415,416,415,415,407,416,430
GCF_013179755.1,301,523,405,400,301,442,268,246,332,399,406,314,369,310,335,153,316,349,327,313,394,396,399,205,454,398,397,398,384,15,453,326,232,233,236,352,257,231,3,264,232,233,0,343,423,423,421,424,422,423,425,424,422,423,424,422,422,423,423,423,422,423,423,423,423,424,422,422,420,423,442,266,434,460,439,440,446,435,441,443,444,364,436,448,442,439,437,366,431,378,443,442,447,442,442,467,443,442,441,442,441,445,441,440,444,443,440,443,441,438,442,437,465,361,352,434,435,353,445,407,436,444,443,442,438,443,443,446,441,441,442,442,435,443,467
GCF_900092475.1,293,404,293,302,285,316,244,232,323,264,273,308,218,298,283,357,255,15,277,295,230,234,275,393,316,264,262,264,254,345,311,413,331,334,338,17,246,329,343,336,330,336,343,0,306,306,305,307,306,307,308,307,306,307,307,305,306,306,307,307,306,307,307,306,307,307,306,305,303,307,317,242,308,330,313,314,319,309,313,317,316,297,312,323,315,313,311,296,305,276,317,314,321,314,315,337,316,315,313,315,314,319,313,313,316,316,313,318,313,314,315,312,335,295,288,309,307,291,317,279,310,317,315,318,314,319,316,319,314,316,314,314,312,315,337
GCF_900178555.1,317,392,310,302,313,310,368,350,351,249,292,331,267,324,346,446,376,308,287,323,243,244,308,438,297,246,246,246,243,429,260,485,436,436,440,314,358,438,426,438,436,436,423,306,0,0,2,1,1,3,4,2,3,3,4,8,1,3,3,3,1,3,2,2,2,4,1,5,19,3,310,371,309,346,313,322,329,312,324,327,325,419,325,319,325,325,313,419,312,283,329,323,331,322,324,349,325,324,322,324,322,326,322,325,328,325,325,328,322,316,326,312,345,413,398,313,311,411,326,292,310,324,327,327,325,330,323,332,327,326,323,321,316,322,348
GCF_900178595.1,317,392,310,302,313,310,368,350,351,249,292,331,267,324,346,446,376,308,287,323,243,244,308,438,297,246,246,246,243,429,260,485,436,436,440,314,358,438,426,438,436,436,423,306,0,0,2,1,1,3,4,2,3,3,4,8,1,3,3,3,1,3,2,2,2,4,1,5,19,3,310,371,309,346,313,322,329,312,324,327,325,419,325,319,325,325,313,419,312,283,329,323,331,322,324,349,325,324,322,324,322,326,322,325,328,325,325,328,322,316,326,312,345,413,398,313,311,411,326,292,310,324,327,327,325,330,323,332,327,326,323,321,316,322,348
GCF_900178625.1,317,391,309,303,315,308,368,348,349,247,290,331,265,322,344,444,374,307,285,321,242,245,306,436,298,247,247,247,244,427,261,485,435,434,438,313,356,437,424,437,435,434,421,305,2,2,0,3,1,3,4,4,3,3,4,6,1,3,3,3,1,3,2,2,2,4,1,5,19,3,308,369,308,345,314,323,330,311,323,328,324,418,324,318,324,324,312,418,311,284,328,322,330,323,325,348,326,325,323,325,323,327,323,324,327,326,324,329,323,315,325,313,346,412,397,312,312,410,327,291,311,325,326,328,324,329,324,331,326,325,324,322,315,323,349
GCF_900178715.1,318,393,311,303,314,311,369,351,350,250,293,332,268,325,347,446,377,309,288,324,244,245,309,438,297,247,247,247,244,428,261,485,437,437,439,315,357,437,425,439,437,437,424,307,1,1,3,0,2,2,5,1,2,2,3,9,2,4,2,2,2,2,1,3,3,3,2,4,20,2,309,370,309,346,313,322,329,312,324,327,325,420,325,319,325,325,313,420,312,283,329,323,331,322,324,349,325,324,322,324,322,326,322,325,328,325,325,328,322,316,326,312,345,414,399,313,311,412,326,292,310,324,327,327,325,330,323,332,327,326,323,321,316,322,348
GCF_900178725.1,316,392,310,302,314,309,367,349,350,248,291,330,266,323,345,445,375,308,286,322,243,244,307,437,297,246,246,246,243,428,260,485,436,435,439,314,357,438,425,438,436,435,422,306,1,1,1,2,0,2,3,3,2,2,3,7,0,2,2,2,0,2,1,1,1,3,0,4,18,2,309,370,309,346,313,322,329,312,324,327,325,419,325,319,325,325,313,419,312,283,329,323,331,322,324,349,325,324,322,324,322,326,322,325,328,325,325,328,322,316,326,312,345,413,398,313,311,411,326,292,310,324,327,327,325,330,323,332,327,326,323,321,316,322,348
GCF_900178745.1,318,392,310,302,314,309,368,350,350,250,293,332,268,325,345,445,376,309,286,322,245,246,307,437,297,248,248,248,245,427,262,485,437,436,438,315,356,437,424,439,437,436,423,307,3,3,3,2,2,0,5,1,0,0,1,9,2,4,0,0,2,0,1,3,3,1,2,4,20,0,307,369,309,346,313,322,329,312,324,327,325,420,325,319,325,325,313,420,312,283,329,323,331,322,324,349,325,324,322,324,322,326,322,325,328,325,325,328,322,316,326,312,345,414,399,313,311,412,326,292,310,324,327,327,325,330,323,332,327,326,323,321,316,322,348
GCF_900178755.1,318,394,311,304,316,309,369,351,352,250,293,332,268,325,346,447,377,310,289,324,245,246,309,439,300,248,248,248,244,431,261,487,438,436,440,316,359,436,428,437,438,436,425,308,4,4,4,5,3,5,0,6,5,5,6,10,3,5,5,5,3,5,4,2,4,4,3,7,21,5,307,372,311,348,315,324,331,314,326,329,327,421,327,321,327,327,315,421,314,281,331,325,333,324,326,351,327,326,324,326,324,328,324,327,330,327,327,330,324,318,328,314,347,415,400,314,313,413,328,294,312,326,329,329,327,332,325,334,329,328,325,323,318,324,350
GCF_900178765.1,319,392,310,302,313,310,369,351,351,251,294,333,269,326,346,446,377,309,287,323,245,246,308,438,297,248,248,248,245,428,262,485,437,437,439,315,357,437,425,439,437,437,424,307,2,2,4,1,3,1,6,0,1,1,2,10,3,5,1,1,3,1,2,4,4,2,3,5,21,1,308,370,309,346,313,322,329,312,324,327,325,420,325,319,325,325,313,420,312,283,329,323,331,322,324,349,325,324,322,324,322,326,322,325,328,325,325,328,322,316,326,312,345,414,399,313,311,412,326,292,310,324,327,327,325,330,323,332,327,326,323,321,316,322,348
GCF_900178785.1,318,392,310,302,314,309,368,350,350,250,293,332,267,325,344,444,376,308,286,322,244,245,307,436,297,248,248,248,245,426,262,484,436,435,437,314,356,436,423,438,436,435,422,306,3,3,3,2,2,0,5,1,0,0,1,9,2,4,0,0,2,0,1,3,3,1,2,4,20,0,307,369,309,346,313,322,329,312,324,327,325,420,325,319,325,325,313,420,312,283,329,323,331,322,324,349,325,324,322,324,322,326,322,325,328,325,325,328,322,316,326,312,345,414,399,313,311,412,326,292,310,324,327,327,325,330,323,332,326,326,323,321,316,322,348
GCF_900178815.1,318,392,310,302,314,309,368,350,350,250,293,332,268,325,345,445,376,309,286,322,245,246,307,437,297,248,248,248,245,427,262,485,437,436,438,315,356,437,424,439,437,436,423,307,3,3,3,2,2,0,5,1,0,0,1,9,2,4,0,0,2,0,1,3,3,1,2,4,20,0,307,369,309,346,313,322,329,312,324,327,325,420,325,319,325,325,313,420,312,283,329,323,331,322,324,349,325,324,322,324,322,326,322,325,328,325,325,328,322,316,326,312,345,414,399,313,311,412,326,292,310,324,327,327,325,330,323,332,327,326,323,321,316,322,348
GCF_900178835.1,318,393,311,303,314,310,368,350,350,251,294,332,269,325,346,446,376,309,287,322,246,247,308,438,298,249,249,249,246,428,263,486,437,437,439,315,356,437,425,439,437,437,424,307,4,4,4,3,3,1,6,2,1,1,0,10,3,5,1,1,3,1,2,4,4,2,3,5,21,1,308,369,310,347,314,323,330,313,325,328,326,420,326,320,326,326,314,420,313,284,330,324,332,323,325,350,326,325,323,325,323,327,323,326,329,326,326,329,323,317,327,313,346,414,399,314,312,412,327,293,311,325,328,328,326,331,324,333,328,327,324,322,317,323,349
GCF_900178845.1,318,391,309,303,316,308,369,349,350,246,290,331,265,323,345,445,375,307,286,322,242,245,306,436,298,247,247,247,244,428,261,486,435,435,439,313,357,438,425,438,436,435,422,305,8,8,6,9,7,9,10,10,9,9,10,0,7,7,9,9,7,9,8,8,8,10,7,7,21,9,308,370,308,344,313,322,329,311,323,327,323,419,324,317,324,324,312,419,311,284,327,322,330,323,324,347,325,324,323,324,323,326,323,324,326,325,324,328,323,315,325,313,345,413,398,312,312,411,326,290,311,324,325,327,323,328,323,330,325,325,323,322,314,322,348
GCF_900178855.1,316,392,310,302,314,309,367,349,350,248,291,330,266,323,345,445,375,308,286,322,243,244,307,437,297,246,246,246,243,428,260,485,436,435,439,314,357,438,425,438,436,435,422,306,1,1,1,2,0,2,3,3,2,2,3,7,0,2,2,2,0,2,1,1,1,3,0,4,18,2,309,370,309,346,313,322,329,312,324,327,325,419,325,319,325,325,313,419,312,283,329,323,331,322,324,349,325,324,322,324,322,326,322,325,328,325,325,328,322,316,326,312,345,413,398,313,311,411,326,292,310,324,327,327,325,330,323,332,327,326,323,321,316,322,348
GCF_900178875.1,317,392,310,302,315,309,368,350,351,248,291,331,266,324,346,446,376,308,287,323,243,244,307,438,297,246,246,246,243,429,260,486,437,436,440,314,358,439,426,439,437,436,423,306,3,3,3,4,2,4,5,5,4,4,5,7,2,0,4,4,2,4,3,3,3,5,2,4,18,4,309,371,309,346,313,322,329,312,324,327,325,420,325,318,325,325,313,420,312,284,329,323,331,322,324,349,325,324,322,324,322,326,322,325,328,325,325,328,322,316,326,312,345,414,399,313,311,412,326,292,310,324,327,327,325,330,323,332,327,326,323,321,316,322,348
GCF_900178905.1,318,392,310,302,314,309,368,350,350,250,293,332,268,325,345,445,376,309,286,322,245,246,307,437,297,248,248,248,245,427,262,485,437,436,438,315,356,437,424,439,437,436,423,307,3,3,3,2,2,0,5,1,0,0,1,9,2,4,0,0,2,0,1,3,3,1,2,4,20,0,307,369,309,346,313,322,329,312,324,327,325,420,325,319,325,325,313,420,312,283,329,323,331,322,324,349,325,324,322,324,322,326,322,325,328,325,325,328,322,316,326,312,345,414,399,313,311,412,326,292,310,324,327,327,325,330,323,332,327,326,323,321,316,322,348
GCF_900178915.1,318,392,310,302,314,309,368,350,350,250,293,332,268,325,345,445,376,309,286,322,245,246,307,437,297,248,248,248,245,427,262,485,437,436,438,315,356,437,424,439,437,436,423,307,3,3,3,2,2,0,5,1,0,0,1,9,2,4,0,0,2,0,1,3,3,1,2,4,20,0,307,369,309,346,313,322,329,312,324,327,325,420,325,319,325,325,313,420,312,283,329,323,331,322,324,349,325,324,322,324,322,326,322,325,328,325,325,328,322,316,326,312,345,414,399,313,311,412,326,292,310,324,327,327,325,330,323,332,327,326,323,321,316,322,348
GCF_900178925.1,316,392,310,302,314,309,367,349,350,248,291,330,266,323,345,445,375,308,286,322,243,244,307,437,297,246,246,246,243,428,260,485,436,435,439,314,357,438,425,438,436,435,422,306,1,1,1,2,0,2,3,3,2,2,3,7,0,2,2,2,0,2,1,1,1,3,0,4,18,2,309,370,309,346,313,322,329,312,324,327,325,419,325,319,325,325,313,419,312,283,329,323,331,322,324,349,325,324,322,324,322,326,322,325,328,325,325,328,322,316,326,312,345,413,398,313,311,411,326,292,310,324,327,327,325,330,323,332,327,326,323,321,316,322,348
GCF_900178935.1,318,392,310,302,314,309,368,350,350,250,293,332,268,325,345,445,376,309,286,322,245,246,307,437,297,248,248,248,245,427,262,485,437,436,438,315,356,437,424,439,437,436,423,307,3,3,3,2,2,0,5,1,0,0,1,9,2,4,0,0,2,0,1,3,3,1,2,4,20,0,307,369,309,346,313,322,329,312,324,327,325,420,325,319,325,325,313,420,312,283,329,323,331,322,324,349,325,324,322,324,322,326,322,325,328,325,325,328,322,316,326,312,345,414,399,313,311,412,326,292,310,324,327,327,325,330,323,332,327,326,323,321,316,322,348
GCF_900178975.1,317,393,311,303,315,310,368,350,349,249,292,331,267,324,346,445,376,309,287,323,244,245,308,437,297,247,247,247,244,427,261,485,437,436,438,315,356,437,424,439,437,436,423,307,2,2,2,1,1,1,4,2,1,1,2,8,1,3,1,1,1,1,0,2,2,2,1,3,19,1,308,369,309,346,313,322,329,312,324,327,325,420,325,319,325,325,313,420,312,283,329,323,331,322,324,349,325,324,322,324,322,326,322,325,328,325,325,328,322,316,326,312,345,414,399,313,311,412,326,292,310,324,327,327,325,330,323,332,327,326,323,321,316,322,348
GCF_900178985.1,316,392,310,302,314,309,367,349,350,248,291,330,267,323,345,445,375,308,287,322,244,245,307,437,298,246,246,246,243,429,260,485,437,435,439,314,357,437,426,438,437,435,423,306,2,2,2,3,1,3,2,4,3,3,4,8,1,3,3,3,1,3,2,0,2,2,1,5,19,3,309,370,309,346,313,322,329,312,324,327,325,419,325,319,325,325,313,419,312,283,329,323,331,322,324,349,325,324,322,324,322,326,322,325,328,325,325,328,322,316,326,312,345,413,398,313,311,411,326,292,310,324,327,327,325,330,323,332,327,326,323,321,316,322,348
GCF_900179055.1,317,393,311,303,315,310,368,350,351,249,292,331,267,324,346,446,376,309,287,323,244,245,308,438,298,247,247,247,244,429,261,486,437,436,440,315,358,439,426,439,437,436,423,307,2,2,2,3,1,3,4,4,3,3,4,8,1,3,3,3,1,3,2,2,0,4,1,5,19,3,310,371,310,347,314,322,330,313,325,328,326,420,325,320,326,326,314,420,313,283,330,324,332,323,325,350,326,325,323,325,323,327,323,326,329,326,325,329,323,317,327,313,346,414,399,314,312,412,327,293,311,325,327,328,326,331,324,333,328,327,324,322,317,323,349
GCF_900179085.1,318,392,310,302,314,309,368,350,350,250,293,332,269,325,345,445,376,309,287,322,246,247,307,437,298,248,248,248,245,428,262,485,438,436,438,315,356,436,425,439,438,436,424,307,4,4,4,3,3,1,4,2,1,1,2,10,3,5,1,1,3,1,2,2,4,0,3,5,21,1,307,369,309,346,313,322,329,312,324,327,325,420,325,319,325,325,313,420,312,283,329,323,331,322,324,349,325,324,322,324,322,326,322,325,328,325,325,328,322,316,326,312,345,414,399,313,311,412,326,292,310,324,327,327,325,330,323,332,327,326,323,321,316,322,348
GCF_900179295.1,316,392,310,302,314,309,367,349,350,248,291,330,266,323,345,445,375,308,286,322,243,244,307,437,297,246,246,246,243,428,260,485,436,435,439,314,357,438,425,438,436,435,422,306,1,1,1,2,0,2,3,3,2,2,3,7,0,2,2,2,0,2,1,1,1,3,0,4,18,2,309,370,309,346,313,322,329,312,324,327,325,419,325,319,325,325,313,419,312,283,329,323,331,322,324,349,325,324,322,324,322,326,322,325,328,325,325,328,322,316,326,312,345,413,398,313,311,411,326,292,310,324,327,327,325,330,323,332,327,326,323,321,316,322,348
GCF_900179785.1,316,392,310,302,314,309,367,349,348,248,290,330,265,323,345,444,375,307,286,322,243,244,307,436,296,246,246,246,243,426,260,484,436,435,437,313,355,436,423,438,436,435,422,305,5,5,5,4,4,4,7,5,4,4,5,7,4,4,4,4,4,4,3,5,5,5,4,0,18,4,307,368,308,345,312,321,328,311,323,326,324,419,324,318,324,324,312,419,311,283,328,322,330,321,323,348,324,323,321,323,321,325,321,324,327,324,324,327,321,315,325,311,344,413,398,312,310,411,325,291,309,323,326,326,324,329,322,331,326,325,322,320,315,321,347
GCF_900179915.1,315,385,305,298,312,302,364,347,347,243,288,328,262,322,340,441,373,305,286,320,238,239,301,433,292,241,241,241,239,426,254,482,432,431,435,311,355,434,423,434,432,431,420,303,19,19,19,20,18,20,21,21,20,20,21,21,18,18,20,20,18,20,19,19,19,21,18,18,0,20,302,367,305,341,308,317,324,307,319,321,320,416,321,314,320,320,308,416,307,280,324,319,325,317,319,343,320,319,317,319,317,321,317,320,323,320,320,323,317,311,321,307,339,410,396,309,306,407,320,287,305,319,322,321,319,324,318,326,322,321,318,316,311,317,342
GCF_900180175.1,318,392,310,302,314,309,368,350,350,250,293,332,268,325,345,445,376,309,286,322,245,246,307,437,297,248,248,248,245,427,262,485,437,436,438,315,356,437,424,439,437,436,423,307,3,3,3,2,2,0,5,1,0,0,1,9,2,4,0,0,2,0,1,3,3,1,2,4,20,0,307,369,309,346,313,322,329,312,324,327,325,420,325,319,325,325,313,420,312,283,329,323,331,322,324,349,325,324,322,324,322,326,322,325,328,325,325,328,322,316,326,312,345,414,399,313,311,412,326,292,310,324,327,327,325,330,323,332,327,326,323,321,316,322,348
GCF_900638805.1,344,326,209,247,339,12,358,373,375,242,245,360,266,349,267,430,357,318,313,348,251,254,225,457,366,237,237,237,259,445,301,543,457,448,452,325,382,452,442,447,456,449,442,317,310,310,308,309,309,307,307,308,307,307,308,308,309,309,307,307,309,307,308,309,310,307,309,307,302,307,0,355,350,358,344,349,351,341,349,353,352,413,353,354,351,350,343,393,342,306,353,350,355,351,348,361,350,349,349,348,350,353,349,349,353,350,349,354,349,347,350,344,360,400,389,342,344,405,352,311,343,352,349,351,348,351,350,353,353,351,350,350,341,350,362
GCF_900639425.1,210,434,313,337,202,356,6,45,243,318,301,229,285,213,217,260,237,249,257,213,313,316,308,303,397,318,317,318,301,267,359,363,284,243,243,250,55,278,264,261,283,243,266,242,371,371,369,370,370,369,372,370,369,369,369,370,370,371,369,369,370,369,369,370,371,369,370,368,367,369,355,0,398,408,402,401,406,398,401,403,404,261,402,409,403,400,400,242,396,349,404,402,408,402,403,412,404,403,401,403,401,406,401,400,405,404,401,404,401,403,404,401,410,248,243,398,398,251,405,365,399,404,403,403,399,405,404,406,405,403,402,402,392,403,412
M00065,420,414,356,350,417,351,400,380,449,303,343,429,325,425,394,465,369,311,380,422,298,304,333,453,114,306,304,306,295,438,392,475,431,414,417,316,391,431,436,430,430,414,434,308,309,309,308,309,309,309,311,309,309,309,310,308,309,309,309,309,309,309,309,309,310,309,309,308,305,309,350,398,0,80,37,59,67,32,57,62,61,447,67,58,60,61,34,452,28,74,62,58,67,61,62,79,63,63,61,63,61,61,60,56,64,61,57,69,61,41,61,34,78,448,429,35,34,437,61,83,38,62,60,63,63,65,63,66,63,64,60,59,49,62,81
M00066,449,422,362,377,449,358,408,412,481,331,363,454,345,454,398,456,396,333,412,450,315,320,342,446,86,337,335,337,321,463,397,506,426,423,428,340,422,430,462,441,427,425,460,330,346,346,345,346,346,346,348,346,346,346,347,344,346,346,346,346,346,346,346,346,347,346,346,345,341,346,358,408,80,0,66,34,39,65,36,37,34,481,48,81,39,39,65,473,61,63,37,36,44,36,35,9,38,36,36,38,36,38,37,35,40,34,36,41,36,72,41,67,6,475,453,68,66,469,36,75,69,35,34,38,39,38,36,42,39,40,33,34,48,35,11
M00362,419,411,354,346,418,345,400,383,454,297,342,429,332,429,396,467,369,316,386,425,301,305,333,458,112,300,298,300,290,443,388,478,437,419,424,325,394,441,441,433,438,421,439,313,313,313,314,313,313,313,315,313,313,313,314,313,313,313,313,313,313,313,313,313,314,313,313,312,308,313,344,402,37,66,0,44,49,5,49,48,47,454,59,44,52,50,5,460,17,69,50,50,58,45,44,65,45,45,45,47,47,49,46,48,52,45,48,53,45,12,53,5,62,456,435,24,17,442,47,74,10,45,47,47,51,51,47,53,53,54,42,45,39,44,65
M00363,428,412,354,351,427,349,399,392,462,310,353,436,330,435,393,466,374,316,393,433,299,303,334,455,103,313,311,313,299,444,389,484,429,409,414,325,403,433,442,434,430,411,440,314,322,322,323,322,322,322,324,322,322,322,323,322,322,322,322,322,322,322,322,322,322,322,322,321,317,322,349,401,59,34,44,0,10,45,8,7,6,463,18,58,11,11,45,458,42,41,9,8,17,6,6,34,8,6,6,8,6,8,7,7,12,4,7,11,6,52,13,45,29,453,432,49,44,451,6,50,47,6,5,8,11,10,6,14,13,13,3,4,23,5,34
M00680,432,417,357,355,431,355,404,398,466,317,361,440,336,441,399,469,378,322,396,440,305,309,341,456,104,316,314,316,309,450,395,489,431,417,422,329,409,435,448,437,431,419,446,319,329,329,330,329,329,329,331,329,329,329,330,329,329,329,329,329,329,329,329,329,330,329,329,328,324,329,351,406,67,39,49,10,0,52,11,13,12,466,25,66,17,14,52,461,49,43,16,15,22,10,6,37,10,8,10,8,12,10,11,11,18,8,14,18,10,59,17,52,34,455,433,56,49,454,12,57,52,10,10,10,18,12,8,18,17,19,7,10,30,7,37
M00943,419,409,350,346,418,342,400,379,450,297,340,431,328,426,392,465,365,312,382,423,299,305,329,456,113,300,298,300,290,439,388,475,437,417,420,321,390,437,437,429,434,417,435,309,312,312,311,312,312,312,314,312,312,312,313,311,312,312,312,312,312,312,312,312,313,312,312,311,307,312,341,398,32,65,5,45,52,0,44,49,46,450,55,43,47,46,2,456,12,70,49,45,53,46,47,66,48,48,46,50,46,50,47,43,49,46,43,54,46,9,48,4,63,452,433,19,18,440,48,71,11,48,46,50,48,50,48,52,50,49,45,44,36,47,68
M00945,431,415,355,355,430,349,401,392,461,312,356,440,327,434,391,467,373,316,393,434,302,308,333,455,105,315,313,315,304,445,392,487,426,414,417,322,401,428,443,430,425,414,441,313,324,324,323,324,324,324,326,324,324,324,325,323,324,324,324,324,324,324,324,324,325,324,324,323,319,324,349,401,57,36,49,8,11,44,0,11,6,458,17,58,7,7,46,453,39,40,12,5,12,6,10,34,12,10,8,12,8,6,9,1,10,8,6,16,8,53,9,48,33,447,429,46,47,448,10,51,50,8,8,12,12,12,8,16,9,11,7,4,22,7,38
M01234,431,416,358,355,430,353,401,394,463,316,356,437,333,438,395,468,375,320,395,436,302,308,338,455,106,319,317,319,306,447,391,490,430,413,418,328,405,434,445,434,429,415,443,317,327,327,328,327,327,327,329,327,327,327,328,327,327,327,327,327,327,327,327,327,328,327,327,326,321,327,353,403,62,37,48,7,13,49,11,0,8,466,21,63,12,14,49,461,46,42,9,10,14,9,9,36,11,8,9,9,9,9,8,10,13,7,11,15,9,56,16,47,31,455,434,53,47,454,1,52,51,9,9,3,9,7,9,11,16,16,6,7,27,8,36
M01235,432,415,357,356,431,352,402,395,463,312,356,438,329,437,394,468,377,319,396,435,301,308,335,457,105,317,315,317,304,448,391,492,429,415,420,327,404,435,446,434,429,417,444,316,325,325,324,325,325,325,327,325,325,325,326,323,325,325,325,325,325,325,325,325,326,325,325,324,320,325,352,404,61,34,47,6,12,46,6,8,0,465,18,58,9,11,46,460,43,39,9,6,15,6,8,32,10,7,8,10,8,8,9,7,9,6,8,14,8,53,11,48,29,454,433,50,45,453,8,51,50,6,6,10,12,10,6,13,11,12,5,4,24,5,34
M01236,246,494,391,374,241,413,260,227,280,334,365,262,345,249,305,376,309,302,285,251,376,380,393,385,472,331,330,331,342,370,437,421,361,387,393,303,237,362,366,336,360,388,364,297,419,419,418,420,419,420,421,420,420,420,420,419,419,420,420,420,419,420,420,419,420,420,419,419,416,420,413,261,447,481,454,463,466,450,458,466,465,0,458,459,464,463,452,41,447,384,468,463,467,463,465,482,466,465,464,465,464,463,464,461,465,466,463,466,464,454,462,452,484,36,36,449,451,25,468,433,451,465,465,465,461,467,464,468,464,466,465,463,459,464,486
M01603,429,416,356,356,428,353,403,391,455,315,352,435,327,432,388,461,375,315,392,431,298,306,335,450,113,318,316,318,305,440,390,486,426,410,412,320,402,427,438,429,421,410,436,312,325,325,324,325,325,325,327,325,325,325,326,324,325,325,325,325,325,325,325,325,325,325,325,324,321,325,353,402,67,48,59,18,25,55,17,21,18,458,0,70,20,20,57,452,52,42,21,14,26,18,21,46,23,20,19,23,20,22,20,17,17,20,17,25,19,63,20,59,44,446,426,57,55,449,22,62,59,20,19,23,23,24,19,28,20,21,18,17,35,19,47
M05847,424,419,363,354,424,355,407,390,457,304,352,434,338,432,402,476,378,326,398,429,311,317,341,468,126,309,307,309,298,453,396,490,440,425,430,333,398,446,450,435,444,427,448,323,319,319,318,319,319,319,321,319,319,319,320,317,319,318,319,319,319,319,319,319,320,319,319,318,314,319,354,409,58,81,44,58,66,43,58,63,58,459,70,0,63,63,43,461,39,68,63,61,69,60,61,80,62,62,62,64,62,60,63,59,62,60,61,68,62,50,63,45,79,455,434,46,45,446,62,84,47,60,60,64,63,64,60,66,61,68,59,58,50,59,83
M06114_3,433,414,356,357,432,351,403,394,463,315,356,442,331,436,392,469,376,318,395,435,304,310,334,455,108,318,316,318,305,446,393,490,431,415,418,325,403,433,444,433,428,415,442,315,325,325,324,325,325,325,327,325,325,325,326,324,325,325,325,325,325,325,325,325,326,325,325,324,320,325,351,403,60,39,52,11,17,47,7,12,9,464,20,63,0,12,49,459,44,43,13,8,16,9,13,39,15,13,11,13,11,11,10,8,13,11,9,19,11,56,12,49,36,453,434,51,50,454,11,52,53,11,11,13,15,15,11,19,14,14,10,7,27,10,41
M07824,430,415,354,354,430,350,402,391,461,316,356,441,331,434,394,465,375,316,393,434,302,308,334,455,107,319,317,319,304,443,393,482,431,407,410,324,402,431,441,433,428,407,439,313,325,325,324,325,325,325,327,325,325,325,326,324,325,325,325,325,325,325,325,325,326,325,325,324,320,325,350,400,61,39,50,11,14,46,7,14,11,463,20,63,12,0,48,458,43,45,14,10,18,10,12,38,14,12,10,14,11,13,11,6,15,11,8,18,9,55,14,50,36,452,433,50,48,453,13,53,51,12,11,14,15,15,13,19,16,14,9,9,26,11,40
M810154,419,409,352,346,418,344,400,381,451,297,340,431,330,428,394,465,367,314,384,422,299,305,331,458,113,300,298,300,290,441,388,477,437,417,422,322,392,439,439,431,436,419,437,311,313,313,312,313,313,313,315,313,313,313,314,312,313,313,313,313,313,313,313,313,314,313,313,312,308,313,343,400,34,65,5,45,52,2,46,49,46,452,57,43,49,48,0,458,14,70,49,47,55,46,47,66,48,48,46,50,46,50,47,45,51,46,45,54,46,9,50,4,63,454,433,21,18,440,48,73,11,48,46,50,50,50,48,52,52,51,45,44,38,47,68
M810885,250,473,371,376,245,393,241,232,284,340,365,267,330,253,286,366,310,302,292,256,361,365,373,376,463,337,336,337,347,372,420,429,345,366,372,301,243,346,368,316,344,367,366,296,419,419,418,420,419,420,421,420,420,420,420,419,419,420,420,420,419,420,420,419,420,420,419,419,416,420,393,242,452,473,460,458,461,456,453,461,460,41,452,461,459,458,458,0,453,384,462,458,462,458,461,474,461,460,459,460,459,458,459,456,460,461,458,461,459,460,457,458,475,29,31,454,457,34,463,423,457,461,460,461,456,462,459,463,459,462,460,458,449,459,478
M86159,419,409,349,345,417,343,398,377,447,297,340,429,324,425,391,461,363,308,381,423,297,303,328,454,108,300,298,300,289,435,387,472,431,412,415,315,388,431,433,428,432,412,431,305,312,312,311,312,312,312,314,312,312,312,313,311,312,312,312,312,312,312,312,312,313,312,312,311,307,312,342,396,28,61,17,42,49,12,39,46,43,447,52,39,44,43,14,453,0,65,46,42,50,43,44,60,45,45,43,47,43,45,44,38,46,43,40,51,43,21,45,16,59,449,430,11,16,437,45,68,19,45,43,47,43,47,45,49,43,46,42,41,32,44,64
M910050,366,366,311,304,365,307,346,338,392,281,310,368,290,371,340,395,326,276,347,367,268,271,296,384,115,280,280,280,268,382,333,417,360,353,356,279,346,362,380,364,362,355,378,276,283,283,284,283,283,283,281,283,283,283,284,284,283,284,283,283,283,283,283,283,283,283,283,283,280,283,306,349,74,63,69,41,43,70,40,42,39,384,42,68,43,45,70,384,65,0,43,40,48,40,43,61,44,42,42,43,42,38,41,41,43,42,43,43,42,74,44,68,59,378,362,68,65,375,42,73,70,40,42,43,47,47,40,49,41,42,40,39,51,40,61
M910478,435,415,358,357,434,353,404,394,464,315,356,440,333,440,396,469,378,320,397,438,301,309,337,456,108,320,318,320,305,447,393,491,432,416,421,327,406,436,445,435,431,418,443,317,329,329,328,329,329,329,331,329,329,329,330,327,329,329,329,329,329,329,329,329,330,329,329,328,324,329,353,404,62,37,50,9,16,49,12,9,9,468,21,63,13,14,49,462,46,43,0,11,20,12,12,37,14,11,12,12,12,12,11,11,14,10,12,18,12,56,16,49,34,457,436,53,49,456,10,51,53,12,10,12,16,14,12,17,17,17,9,10,28,11,39
M910479,432,415,356,357,431,350,402,393,460,315,356,438,329,434,393,468,375,317,395,435,301,309,334,457,106,318,316,318,305,445,390,490,431,415,418,325,402,433,444,431,426,415,442,314,323,323,322,323,323,323,325,323,323,323,324,322,323,323,323,323,323,323,323,323,324,323,323,322,319,323,350,402,58,36,50,8,15,45,5,10,6,463,14,61,8,10,47,458,42,40,11,0,13,7,11,36,13,10,9,13,9,11,10,6,7,9,6,17,9,54,10,49,33,452,433,49,47,453,11,52,51,8,8,13,13,13,7,15,12,10,8,5,25,8,38
M910480_2,437,420,361,362,436,355,408,399,467,319,362,447,337,440,398,472,378,322,398,441,310,316,339,461,113,323,321,323,311,451,396,495,436,419,422,332,406,438,449,438,433,419,447,321,331,331,330,331,331,331,333,331,331,331,332,330,331,331,331,331,331,331,331,331,332,331,331,330,325,331,355,408,67,44,58,17,22,53,12,14,15,467,26,69,16,18,55,462,50,48,20,13,0,15,19,44,21,19,17,21,17,19,18,14,19,17,15,23,17,62,18,57,41,456,437,57,56,457,13,57,59,16,17,15,15,15,17,19,20,19,16,13,33,16,46
M910665_1,428,414,356,353,427,350,398,393,462,313,354,437,329,435,392,466,375,317,394,433,301,305,334,457,101,314,312,314,301,446,389,489,429,413,418,325,402,433,444,433,428,415,442,314,322,322,323,322,322,322,324,322,322,322,323,323,322,322,322,322,322,322,322,322,323,322,322,321,317,322,351,402,61,36,45,6,10,46,6,9,6,463,18,60,9,10,46,458,43,40,12,7,15,0,6,34,8,6,4,8,6,8,5,7,12,6,8,14,4,53,11,46,31,452,431,50,43,451,8,53,46,4,8,8,14,12,6,16,13,13,3,2,26,3,34
M910881,429,413,354,352,428,352,401,394,465,314,356,438,332,438,396,466,375,318,392,436,301,305,337,455,100,313,311,313,304,446,391,489,431,415,420,326,405,435,444,436,432,417,442,315,324,324,325,324,324,324,326,324,324,324,325,324,324,324,324,324,324,324,324,324,325,324,324,323,319,324,348,403,62,35,44,6,6,47,10,9,8,465,21,61,13,12,47,461,44,43,12,11,19,6,0,33,6,4,6,4,8,8,7,9,14,4,10,14,6,54,13,47,30,454,433,51,44,453,8,53,47,6,6,6,14,8,4,14,13,15,3,6,26,3,33
M910882,456,423,365,380,455,361,412,417,485,334,365,460,346,461,404,465,401,340,416,457,318,325,345,454,85,340,338,340,325,470,400,512,430,429,434,346,427,434,469,447,432,429,467,337,349,349,348,349,349,349,351,349,349,349,350,347,349,349,349,349,349,349,349,349,350,349,349,348,343,349,361,412,79,9,65,34,37,66,34,36,32,482,46,80,39,38,66,474,60,61,37,36,44,34,33,0,36,33,34,36,36,36,35,33,39,34,36,42,34,74,41,68,5,477,455,67,63,471,36,77,68,33,34,36,40,38,36,42,38,41,31,34,47,33,6
M910888,428,413,354,351,427,352,402,395,464,315,355,438,332,437,396,468,377,319,394,436,302,306,337,457,102,316,314,316,304,447,391,490,432,415,420,327,406,436,445,437,433,417,443,316,325,325,326,325,325,325,327,325,325,325,326,325,325,325,325,325,325,325,325,325,326,325,325,324,320,325,350,404,63,38,45,8,10,48,12,11,10,466,23,62,15,14,48,461,45,44,14,13,21,8,6,36,0,6,8,8,10,10,9,11,16,6,12,15,8,54,15,48,33,456,435,52,45,454,10,54,48,8,8,8,16,12,8,16,15,16,5,8,27,7,36
M911140,431,412,354,353,428,351,401,394,466,315,357,439,333,438,397,466,376,318,393,438,302,305,336,455,99,314,312,314,305,446,392,489,432,414,419,326,405,434,444,437,432,416,442,315,324,324,325,324,324,324,326,324,324,324,325,324,324,324,324,324,324,324,324,324,325,324,324,323,319,324,349,403,63,36,45,6,8,48,10,8,7,465,20,62,13,12,48,460,45,42,11,10,19,6,4,33,6,0,4,4,6,8,5,9,13,4,10,14,4,53,13,48,30,454,435,50,44,453,8,53,48,6,6,6,14,10,6,14,13,15,3,6,26,5,33
M911142,431,412,354,353,428,349,399,392,465,315,355,440,332,436,395,465,374,316,393,436,301,303,334,456,99,314,312,314,303,445,391,488,432,412,417,324,403,432,443,436,431,414,441,313,322,322,323,322,322,322,324,322,322,322,323,323,322,322,322,322,322,322,322,322,323,322,322,321,317,322,349,401,61,36,45,6,10,46,8,9,8,464,19,62,11,10,46,459,43,42,12,9,17,4,6,34,8,4,0,6,4,10,3,7,14,6,8,14,2,51,13,46,31,453,434,48,43,452,8,53,46,6,8,8,14,12,8,16,15,13,3,4,26,5,34
M911144,431,413,354,354,428,352,401,394,467,316,358,440,334,438,398,467,375,318,392,438,303,305,337,454,101,313,311,313,306,446,393,489,432,414,419,326,405,434,444,438,433,416,442,315,324,324,325,324,324,324,326,324,324,324,325,324,324,324,324,324,324,324,324,324,325,324,324,323,319,324,348,403,63,38,47,8,8,50,12,9,10,465,23,64,13,14,50,460,47,43,12,13,21,8,4,36,8,4,6,0,8,8,5,11,16,4,12,16,6,55,15,48,33,454,435,52,47,453,8,53,50,8,8,6,16,10,6,16,15,17,5,8,28,5,36
M911146,431,413,355,354,428,350,399,392,465,316,355,440,333,436,396,465,375,317,394,436,302,304,335,456,101,315,313,315,303,445,391,487,432,411,416,325,402,432,443,436,431,413,441,314,322,322,323,322,322,322,324,322,322,322,323,323,322,322,322,322,322,322,322,322,323,322,322,321,317,322,350,401,61,36,47,6,12,46,8,9,8,464,20,62,11,11,46,459,43,42,12,9,17,6,8,36,10,6,4,8,0,10,5,7,14,6,8,14,4,51,13,46,31,453,434,48,45,452,8,53,48,8,8,10,14,12,8,16,15,13,5,4,26,7,36
M911362,430,416,358,354,429,355,402,397,466,315,359,439,332,439,397,470,380,322,396,437,305,309,337,457,105,316,314,316,305,449,393,492,429,417,422,328,406,435,447,437,432,419,445,319,326,326,327,326,326,326,328,326,326,326,327,326,326,326,326,326,326,326,326,326,327,326,326,325,321,326,353,406,61,38,49,8,10,50,6,9,8,463,22,60,11,13,50,458,45,38,12,11,19,8,8,36,10,8,10,8,10,0,9,7,14,6,12,16,10,57,13,48,33,452,431,52,49,451,8,53,52,8,8,8,16,12,6,16,11,17,7,6,26,7,38
M911364,431,412,354,353,428,349,399,392,464,315,355,440,332,436,395,466,374,316,393,436,301,303,334,455,100,314,312,314,303,445,391,488,432,412,417,324,403,432,443,436,431,414,441,313,322,322,323,322,322,322,324,322,322,322,323,323,322,322,322,322,322,322,322,322,323,322,322,321,317,322,349,401,60,37,46,7,11,47,9,8,9,464,20,63,10,11,47,459,44,41,11,10,18,5,7,35,9,5,3,5,5,9,0,8,15,7,9,15,3,52,14,45,32,453,434,49,44,452,7,52,47,7,9,7,15,13,9,17,16,14,4,5,27,6,35
M911373,432,414,354,354,431,349,402,391,462,315,355,441,328,435,393,466,374,316,392,435,301,307,334,455,104,318,316,318,305,444,393,488,429,413,416,322,402,429,442,433,428,413,440,313,325,325,324,325,325,325,327,325,325,325,326,324,325,325,325,325,325,325,325,325,326,325,325,324,320,325,349,400,56,35,48,7,11,43,1,10,7,461,17,59,8,6,45,456,38,41,11,6,14,7,9,33,11,9,7,11,7,7,8,0,11,7,5,15,7,52,10,47,32,450,431,45,46,451,9,50,49,9,7,11,11,11,9,15,10,10,6,5,21,8,37
M911374,435,418,359,360,434,353,405,396,463,316,360,439,332,438,396,470,378,319,397,438,304,312,337,458,111,321,319,321,308,447,392,493,432,418,421,327,405,436,446,434,429,418,444,316,328,328,327,328,328,328,330,328,328,328,329,326,328,328,328,328,328,328,328,328,329,328,328,327,323,328,353,405,64,40,52,12,18,49,10,13,9,465,17,62,13,15,51,460,46,43,14,7,19,12,14,39,16,13,14,16,14,14,15,11,0,12,12,20,14,58,15,53,36,454,435,53,51,455,14,54,55,12,12,16,16,16,10,20,15,15,11,10,28,11,41
M911375,430,413,355,352,429,352,402,395,466,314,356,439,333,439,396,467,377,319,394,437,302,306,337,456,101,315,313,315,304,447,392,490,431,415,420,327,406,435,445,437,432,417,443,316,325,325,326,325,325,325,327,325,325,325,326,325,325,325,325,325,325,325,325,325,326,325,325,324,320,325,350,404,61,34,45,4,8,46,8,7,6,466,20,60,11,11,46,461,43,42,10,9,17,6,4,34,6,4,6,4,6,6,7,7,12,0,8,12,6,53,11,46,29,455,434,50,45,454,6,51,48,6,4,6,12,8,4,12,11,13,3,4,24,5,34
M911619,432,414,353,354,431,349,403,392,462,314,354,441,330,435,392,466,373,316,393,436,301,307,334,454,103,317,315,317,305,444,392,488,431,414,417,324,403,431,442,433,428,414,440,313,325,325,324,325,325,325,327,325,325,325,326,324,325,325,325,325,325,325,325,325,325,325,325,324,320,325,349,401,57,36,48,7,14,43,6,11,8,463,17,61,9,8,45,458,40,43,12,6,15,8,10,36,12,10,8,12,8,12,9,5,12,8,0,16,8,51,9,47,33,452,433,47,46,453,10,51,49,10,7,12,11,12,10,16,13,11,7,6,24,9,38
M911620,431,418,359,354,430,354,402,395,466,316,358,438,334,438,397,467,379,319,397,437,303,307,339,456,111,319,317,319,306,447,394,491,431,415,420,329,406,435,445,437,432,417,443,318,328,328,329,328,328,328,330,328,328,328,329,328,328,328,328,328,328,328,328,328,329,328,328,327,323,328,354,404,69,41,53,11,18,54,16,15,14,466,25,68,19,18,54,461,51,43,18,17,23,14,14,42,15,14,14,16,14,16,15,15,20,12,16,0,13,61,20,54,37,455,434,58,53,454,14,57,56,14,14,16,19,18,14,21,20,20,11,12,32,13,41
M911842,431,412,354,353,428,349,399,392,465,315,355,440,332,436,395,465,374,316,393,436,301,303,334,456,99,314,312,314,303,445,391,488,432,412,417,324,403,432,443,436,431,414,441,313,322,322,323,322,322,322,324,322,322,322,323,323,322,322,322,322,322,322,322,322,323,322,322,321,317,322,349,401,61,36,45,6,10,46,8,9,8,464,19,62,11,9,46,459,43,42,12,9,17,4,6,34,8,4,2,6,4,10,3,7,14,6,8,13,0,51,13,46,31,453,434,48,43,452,8,53,46,6,8,8,14,12,8,16,15,13,3,4,26,5,34
M912102,422,413,356,351,419,348,403,383,454,302,346,434,335,430,399,467,370,317,387,425,304,307,335,460,118,303,301,303,295,442,394,478,442,419,424,325,394,442,440,435,440,421,438,314,316,316,315,316,316,316,318,316,316,316,317,315,316,316,316,316,316,316,316,316,317,316,316,315,311,316,347,403,41,72,12,52,59,9,53,56,53,454,63,50,56,55,9,460,21,74,56,54,62,53,54,74,54,53,51,55,51,57,52,52,58,53,51,61,51,0,57,9,71,456,435,25,25,442,55,80,18,54,53,56,56,57,55,59,59,57,52,51,45,54,75
M912103,432,415,355,356,431,352,404,395,464,315,357,443,331,437,393,468,376,318,394,437,304,310,335,456,105,316,314,316,305,446,394,489,431,416,419,326,404,433,444,433,428,416,442,315,326,326,325,326,326,326,328,326,326,326,327,325,326,326,326,326,326,326,326,326,327,326,326,325,321,326,350,404,61,41,53,13,17,48,9,16,11,462,20,63,12,14,50,457,45,44,16,10,18,11,13,41,15,13,13,15,13,13,14,10,15,11,9,20,13,57,0,52,38,451,432,52,50,452,15,55,54,13,11,15,16,15,11,19,14,16,12,9,29,12,42
M912106,418,410,353,345,417,345,399,382,453,297,341,430,331,429,394,466,366,315,385,424,300,304,332,456,113,298,296,298,289,441,387,476,436,417,422,324,393,438,439,431,435,419,437,312,312,312,313,312,312,312,314,312,312,312,313,313,312,312,312,312,312,312,312,312,313,312,312,311,307,312,344,401,34,67,5,45,52,4,48,47,48,452,59,45,49,50,4,458,16,68,49,49,57,46,47,68,48,48,46,48,46,48,45,47,53,46,47,54,46,9,52,0,63,454,432,23,18,440,46,73,11,48,48,48,52,52,48,54,54,53,45,44,40,47,68
M91414,452,421,363,376,451,360,408,415,483,332,364,456,346,459,402,463,399,338,415,455,316,321,343,453,82,336,334,336,321,468,397,510,430,427,432,346,425,434,467,445,430,429,465,335,345,345,346,345,345,345,347,345,345,345,346,345,345,345,345,345,345,345,345,345,346,345,345,344,339,345,360,410,78,6,62,29,34,63,33,31,29,484,44,79,36,36,63,475,59,59,34,33,41,31,30,5,33,30,31,33,31,33,32,32,36,29,33,37,31,71,38,63,0,478,456,66,60,472,31,74,65,30,31,33,37,35,31,39,37,38,28,29,46,30,5
M93370,246,480,377,369,241,399,247,226,283,334,369,264,331,249,293,367,306,301,288,251,364,368,379,378,466,331,330,331,341,367,425,420,351,376,382,301,237,352,363,323,350,377,361,295,413,413,412,414,413,414,415,414,414,414,414,413,413,414,414,414,413,414,414,413,414,414,413,413,410,414,400,248,448,475,456,453,455,452,447,455,454,36,446,455,453,452,454,29,449,378,457,452,456,452,454,477,456,454,453,454,453,452,453,450,454,455,452,455,453,456,451,454,478,0,3,450,452,24,457,417,453,454,454,454,451,456,453,458,453,455,454,452,444,453,480
M93924,238,466,365,353,236,388,240,222,276,316,350,256,318,244,286,358,305,294,282,244,348,354,367,371,446,316,315,316,326,359,409,411,342,364,372,294,232,347,354,318,343,367,352,288,398,398,397,399,398,399,400,399,399,399,399,398,398,399,399,399,398,399,399,398,399,399,398,398,396,399,389,243,429,453,435,432,433,433,429,434,433,36,426,434,434,433,433,31,430,362,436,433,437,431,433,455,435,435,434,435,434,431,434,431,435,434,433,434,434,435,432,432,456,3,0,433,431,25,436,398,432,433,433,433,433,435,432,437,434,436,433,431,425,432,458
M94211,423,410,352,351,420,344,400,380,451,301,344,434,330,428,396,464,366,312,383,428,303,307,331,457,111,302,300,302,294,438,393,475,435,414,417,319,391,433,436,432,436,414,434,309,313,313,312,313,313,313,314,313,313,313,314,312,313,313,313,313,313,313,313,313,314,313,313,312,309,313,342,398,35,68,24,49,56,19,46,53,50,449,57,46,51,50,21,454,11,68,53,49,57,50,51,67,52,50,48,52,48,52,49,45,53,50,47,58,48,25,52,23,66,450,433,0,23,440,52,75,26,52,50,54,50,54,52,56,50,53,49,48,38,51,71
M94926,416,411,352,344,414,345,396,379,449,297,341,426,327,426,392,462,366,311,382,422,298,303,331,455,110,298,296,298,288,439,386,474,434,412,417,319,390,436,437,428,432,414,435,307,311,311,312,311,311,311,313,311,311,311,312,312,311,311,311,311,311,311,311,311,312,311,311,310,306,311,344,398,34,66,17,44,49,18,47,47,45,451,55,45,50,48,18,457,16,65,49,47,56,43,44,63,45,44,43,47,45,49,44,46,51,45,46,53,43,25,50,18,60,452,431,23,0,439,47,72,18,45,47,47,52,51,47,53,53,52,42,43,39,44,62
M94927,237,483,382,364,232,405,248,218,275,323,360,256,337,243,297,367,299,297,277,243,366,370,384,380,460,320,319,320,333,359,426,414,351,378,386,297,229,354,355,328,352,381,353,291,411,411,410,412,411,412,413,412,412,412,412,411,411,412,412,412,411,412,412,411,412,412,411,411,407,412,405,251,437,469,442,451,454,440,448,454,453,25,449,446,454,453,440,34,437,375,456,453,457,451,453,471,454,453,452,453,452,451,452,451,455,454,453,454,452,442,452,440,472,24,25,440,439,0,456,423,439,453,453,453,451,455,452,456,454,456,453,451,449,452,474
M95768,433,415,357,354,432,352,403,396,467,315,356,440,334,440,397,470,377,320,397,438,303,307,337,457,105,318,316,318,305,449,392,492,432,415,420,328,407,436,447,438,433,417,445,317,326,326,327,326,326,326,328,326,326,326,327,326,326,326,326,326,326,326,326,326,327,326,326,325,320,326,352,405,61,36,47,6,12,48,10,1,8,468,22,62,11,13,48,463,45,42,10,11,13,8,8,36,10,8,8,8,8,8,7,9,14,6,10,14,8,55,15,46,31,457,436,52,47,456,0,51,50,8,8,2,8,6,8,10,15,15,5,6,26,7,36
M96011,402,410,317,325,399,311,367,359,430,280,325,410,295,404,358,439,343,282,363,403,266,272,297,425,146,286,284,286,271,412,356,454,402,375,378,291,369,404,409,399,401,375,407,279,292,292,291,292,292,292,294,292,292,292,293,290,292,292,292,292,292,292,292,292,293,292,292,291,287,292,311,365,83,75,74,50,57,71,51,52,51,433,62,84,52,53,73,423,68,73,51,52,57,53,53,77,54,53,53,53,53,53,52,50,54,51,51,57,53,80,55,73,74,417,398,75,72,423,51,0,76,52,51,53,54,55,53,56,56,54,50,51,46,52,79
M96902,416,409,351,343,415,344,397,380,451,296,340,428,329,427,393,465,366,313,383,423,298,302,330,458,111,297,295,297,287,440,385,475,436,416,421,322,391,438,438,430,435,418,436,310,310,310,311,310,310,310,312,310,310,310,311,311,310,310,310,310,310,310,310,310,311,310,310,309,305,310,343,399,38,69,10,47,52,11,50,51,50,451,59,47,53,51,11,457,19,70,53,51,59,46,47,68,48,48,46,50,48,52,47,49,55,48,49,56,46,18,54,11,65,453,432,26,18,439,50,76,0,48,50,50,54,54,50,56,55,55,45,46,42,47,68
M97750,429,414,357,354,428,352,400,395,463,312,357,436,332,435,394,468,378,319,397,434,303,306,336,457,102,316,314,316,303,448,391,491,430,416,421,327,403,436,446,435,431,418,444,317,324,324,325,324,324,324,326,324,324,324,325,324,324,324,324,324,324,324,324,324,325,324,324,323,319,324,352,404,62,35,45,6,10,48,8,9,6,465,20,60,11,12,48,461,45,40,12,8,16,4,6,33,8,6,6,8,8,8,7,9,12,6,10,14,6,54,13,48,30,454,433,52,45,453,8,52,48,0,7,8,14,12,6,15,13,15,3,4,26,3,33
M97944,431,411,354,353,430,351,403,394,464,313,355,440,332,438,395,466,376,318,393,436,301,307,336,455,103,316,314,316,305,447,393,491,431,415,420,326,405,435,445,437,432,417,443,315,327,327,326,327,327,327,329,327,327,327,328,325,327,327,327,327,327,327,327,327,327,327,327,326,322,327,349,403,60,34,47,5,10,46,8,9,6,465,19,60,11,11,46,460,43,42,10,8,17,8,6,34,8,6,8,8,8,8,9,7,12,4,7,14,8,53,11,48,31,454,433,50,47,453,8,51,50,7,0,8,12,8,6,11,11,13,5,6,24,7,36
M97945,429,414,356,353,428,353,401,394,465,316,356,439,335,438,395,467,376,321,394,436,304,307,338,454,103,317,315,317,306,446,392,488,431,413,418,328,405,435,444,436,432,415,442,318,327,327,328,327,327,327,329,327,327,327,328,327,327,327,327,327,327,327,327,327,328,327,327,326,321,327,351,403,63,38,47,8,10,50,12,3,10,465,23,64,13,14,50,461,47,43,12,13,15,8,6,36,8,6,8,6,10,8,7,11,16,6,12,16,8,56,15,48,33,454,433,54,47,453,2,53,50,8,8,0,10,6,8,10,15,17,5,8,28,7,36
M98146,430,412,353,354,429,348,401,390,460,313,353,438,330,432,390,465,370,316,390,432,301,307,333,454,107,318,316,318,305,442,392,486,428,410,413,325,401,430,440,433,429,410,438,314,325,325,324,325,325,325,327,325,325,325,326,323,325,325,325,325,325,325,325,325,326,325,325,324,319,325,348,399,63,39,51,11,18,48,12,9,12,461,23,63,15,15,50,456,43,47,16,13,15,14,14,40,16,14,14,16,14,16,15,11,16,12,11,19,14,56,16,52,37,451,433,50,52,451,8,54,54,14,12,10,0,10,14,14,15,17,11,12,27,13,42
M98147,433,416,357,357,432,355,405,396,467,318,359,442,336,440,398,467,376,322,394,438,305,311,340,456,107,319,317,319,310,447,396,490,431,413,418,330,407,435,445,437,432,415,443,319,330,330,329,330,330,330,332,330,330,330,331,328,330,330,330,330,330,330,330,330,331,330,330,329,324,330,351,405,65,38,51,10,12,50,12,7,10,467,24,64,15,15,50,462,47,47,14,13,15,12,8,38,12,10,12,10,12,12,13,11,16,8,12,18,12,57,15,52,35,456,435,54,51,455,6,55,54,12,8,6,10,0,8,10,15,17,9,10,28,9,40
M98516,428,415,356,354,427,354,400,395,464,314,358,437,332,437,396,467,376,319,394,435,303,307,337,456,103,313,311,313,304,447,390,490,429,415,420,327,404,435,445,435,430,417,443,316,323,323,324,323,323,323,325,323,323,323,324,323,323,323,323,323,323,323,323,323,324,323,323,322,318,323,350,404,63,36,47,6,8,48,8,9,6,464,19,60,11,13,48,459,45,40,12,7,17,6,4,36,8,6,8,6,8,6,9,9,10,4,10,14,8,55,11,48,31,453,432,52,47,452,8,53,50,6,6,8,14,8,0,14,11,13,5,4,26,3,36
M98703,433,415,358,357,432,355,406,397,466,319,360,442,337,439,398,471,378,322,396,439,306,312,339,461,111,322,320,322,310,450,396,494,435,417,422,330,408,439,448,440,436,419,446,319,332,332,331,332,332,332,334,332,332,332,333,330,332,332,332,332,332,332,332,332,333,332,332,331,326,332,353,406,66,42,53,14,18,52,16,11,13,468,28,66,19,19,52,463,49,49,17,15,19,16,14,42,16,14,16,16,16,16,17,15,20,12,16,21,16,59,19,54,39,458,437,56,53,456,10,56,56,15,11,10,14,10,14,0,18,20,13,14,30,15,43
M98884,434,416,356,357,433,355,405,396,465,316,359,443,329,439,394,467,378,317,396,439,304,310,336,456,106,319,317,319,308,445,396,491,427,415,418,323,405,431,443,437,430,415,441,314,327,327,326,327,327,327,329,327,326,327,328,325,327,327,327,327,327,327,327,327,328,327,327,326,322,327,353,405,63,39,53,13,17,50,9,16,11,464,20,61,14,16,52,459,43,41,17,12,20,13,13,38,15,13,15,15,15,11,16,10,15,11,13,20,15,59,14,54,37,453,434,50,53,454,15,56,55,13,11,15,15,15,11,18,0,16,12,11,26,12,41
M98889,434,418,357,358,432,351,405,394,463,319,358,442,334,435,395,467,376,320,397,437,305,310,338,456,110,322,320,322,310,445,393,490,434,416,419,326,405,434,443,435,431,416,441,316,326,326,325,326,326,326,328,326,326,326,327,325,326,326,326,326,326,326,326,326,327,326,326,325,321,326,351,403,64,40,54,13,19,49,11,16,12,466,21,68,14,14,51,462,46,42,17,10,19,13,15,41,16,15,13,17,13,17,14,10,15,13,11,20,13,57,16,53,38,455,436,53,52,456,15,54,55,15,13,17,17,17,13,20,16,0,12,11,28,14,43
M99250,430,413,355,352,429,350,400,393,464,312,354,437,331,437,394,466,375,317,394,435,300,304,335,455,100,315,313,315,302,446,390,489,429,413,418,325,404,433,444,435,430,415,442,314,323,323,324,323,323,323,325,323,323,323,324,323,323,323,323,323,323,323,323,323,324,323,323,322,318,323,350,402,60,33,42,3,7,45,7,6,5,465,18,59,10,9,45,460,42,40,9,8,16,3,3,31,5,3,3,5,5,7,4,6,11,3,7,11,3,52,12,45,28,454,433,49,42,453,5,50,45,3,5,5,11,9,5,13,12,12,0,3,23,2,31
M99402,428,413,355,352,427,350,398,393,462,312,354,437,329,435,392,466,375,317,394,433,300,304,333,457,101,313,311,313,300,446,388,489,429,413,418,325,402,433,444,433,428,415,442,314,321,321,322,321,321,321,323,321,321,321,322,322,321,321,321,321,321,321,321,321,322,321,321,320,316,321,350,402,59,34,45,4,10,44,4,7,4,463,17,58,7,9,44,458,41,39,10,5,13,2,6,34,8,6,4,8,4,6,5,5,10,4,6,12,4,51,9,44,29,452,431,48,43,451,6,51,46,4,6,8,12,10,4,14,11,11,3,0,24,3,34
M99624,429,406,344,351,427,341,394,387,458,310,353,436,321,434,384,463,368,315,390,432,295,301,324,452,110,315,313,315,299,439,385,485,426,407,409,321,398,428,437,425,427,407,435,312,316,316,315,316,316,316,318,316,316,316,317,314,316,316,316,316,316,316,316,316,317,316,316,315,311,316,341,392,49,48,39,23,30,36,22,27,24,459,35,50,27,26,38,449,32,51,28,25,33,26,26,47,27,26,26,28,26,26,27,21,28,24,24,32,26,45,29,40,46,444,425,38,39,449,26,46,42,26,24,28,27,28,26,30,26,28,23,24,0,25,51
M99825,429,415,356,354,428,352,399,394,463,312,356,436,330,436,394,467,375,318,394,434,301,305,335,456,102,313,311,313,302,447,389,490,428,414,419,326,403,434,445,434,429,416,443,315,322,322,323,322,322,322,324,322,322,322,323,322,322,322,322,322,322,322,322,322,323,322,322,321,317,322,350,403,62,35,44,5,7,47,7,8,5,464,19,59,10,11,47,459,44,40,11,8,16,3,3,33,7,5,5,5,7,7,6,8,11,5,9,13,5,54,12,47,30,453,432,51,44,452,7,52,47,3,7,7,13,9,3,15,12,14,2,3,25,0,33
M99826,454,424,366,379,453,362,410,417,485,335,367,458,349,461,404,465,402,340,418,457,319,323,346,455,85,339,337,339,324,470,399,511,432,430,435,347,427,436,469,446,432,430,467,337,348,348,349,348,348,348,350,348,348,348,349,348,348,348,348,348,348,348,348,348,349,348,348,347,342,348,362,412,81,11,65,34,37,68,38,36,34,486,47,83,41,40,68,478,64,61,39,38,46,34,33,6,36,33,34,36,36,38,35,37,41,34,38,41,34,75,42,68,5,480,458,71,62,474,36,79,68,33,36,36,42,40,36,43,41,43,31,34,51,33,0
